<?xml version="1.0" encoding="UTF-8"?>
<project
	xmlns="http://lime.openfl.org/project/1.0.4"
	xmlns:xsi="http://www.w3.org/2001/XMLSchema-instance"
	xsi:schemaLocation="http://lime.openfl.org/project/1.0.4 http://lime.openfl.org/xsd/project-1.0.4.xsd">

	<meta title="Extension-IARCore Test" package="org.openfl.lime.samples.helloworld" version="1.0.0" company="OpenFL" />

	<app main="Main" path="export" file="EITest" />

	<architecture name="arm64" exclude="armv7" if="android" />

	<source path="source" />

	<haxelib name="lime" />

	<haxelib name="extension-iarcore" />

	<haxeflag name="-dce" value="full" />

	<section if="cpp">
		<haxedef name="HXCPP_CHECK_POINTER" />
		<haxedef name="HXCPP_STACK_LINE" />
		<haxedef name="HXCPP_STACK_TRACE" />
	</section>
</project>
